merchant_id,date,rating,comment,channel
M001,2026-08-11,5,"Beautiful collection, loved the Banarasi silk!",Paytm app review
M001,2026-08-20,4,Good quality but a bit pricey,Google review
M001,2026-08-27,2,Wanted the georgette saree in blue but it was out of stock,Google review
M001,2026-08-31,5,Meera aunty always helps pick the right one for occasions,Google review
M001,2026-09-03,3,"Store was empty on a Tuesday, worried if they're still active",Paytm app review
M001,2026-09-09,1,"Ordered a saree, they didn't have my size in stock",Paytm app review
M001,2026-09-13,4,"Great for wedding shopping, wide range",WhatsApp
M002,2026-08-11,5,Never runs out of daily essentials,Paytm app review
M002,2026-08-16,2,Aashirvaad atta was out of stock again this week,Paytm app review
M002,2026-08-22,4,"Quick service, good prices",Paytm app review
M002,2026-08-29,5,My go-to kirana for 3 years now,Paytm app review
M003,2026-08-11,5,Best biryani in the area,WhatsApp
M003,2026-08-20,3,Delivery took too long during dinner rush,Paytm app review
M003,2026-08-26,4,"Consistent taste, good portions",Paytm app review
M003,2026-09-01,2,Cold coffee was watery this time,Google review
M004,2026-08-11,5,"Loved the hair spa, very relaxing",Paytm app review
M004,2026-08-15,3,Had to wait 40 mins without a booking slot,Paytm app review
M004,2026-08-24,4,"Good bridal package, reasonably priced",Paytm app review
